Date_Start,Date_End,Time,Title,Subtitle,Course_Nr,Price,Categories,Venue,Link,Source,detail_file
Di 19. Mai 2026,Di 19. Mai 2026,16.00-18.00 Uhr,Workshop: Luftakrobatik-Werkstatt für Anfänger und Leicht-Fortgeschrittene von 9-16 Jahren in Ludwigsburg,mit Tatiane Marques de Oliviera,L250520,"24,00 Euro","Familie &amp; Kinder, für Kinder ab 10 Jahren, Workshops_Karlskaserne, Zirkuswerkstätten",Kunstzentrum Karlskaserne,https://kunstschule-labyrinth.ludwigsburg.de/site/Ludwigsburg-Labyrinth-2019/node/16172667/zmdetail_523250625713/index.html?nodeID=523250625713,kunstschule-labyrinth.ludwigsburg.de,detail_0001.txt
Di 19. Mai 2026,Di 19. Mai 2026,18.00-20.00 Uhr,Workshop: Luftakrobatik-Werkstatt für Fortgeschrittene von 9-16 Jahren in Ludwigsburg,mit Tatiane Marques de Oliviera,L250521,"24,00 Euro","Familie &amp; Kinder, für Kinder ab 10 Jahren, Kunstzentrum Karlskaserne, Workshops_Karlskaserne, Zirkuswerkstätten",Kunstzentrum Karlskaserne,https://kunstschule-labyrinth.ludwigsburg.de/site/Ludwigsburg-Labyrinth-2019/node/16172667/zmdetail_523250625731/index.html?nodeID=523250625731,kunstschule-labyrinth.ludwigsburg.de,detail_0002.txt
Di 23. Juni 2026,Di 23. Juni 2026,16.00-18.00 Uhr,Workshop: Luftakrobatik-Werkstatt für Anfänger und Leicht-Fortgeschrittene von 9-16 Jahren in Ludwigsburg,mit Tatiane Marques de Oliviera,L250624,"24,00 Euro","Familie &amp; Kinder, für Kinder ab 10 Jahren, Workshops_Karlskaserne, Zirkuswerkstätten",Kunstzentrum Karlskaserne,https://kunstschule-labyrinth.ludwigsburg.de/site/Ludwigsburg-Labyrinth-2019/node/16172667/zmdetail_523250625715/index.html?nodeID=523250625715,kunstschule-labyrinth.ludwigsburg.de,detail_0003.txt
Di 23. Juni 2026,Di 23. Juni 2026,18.00-20.00 Uhr,Workshop: Luftakrobatik-Werkstatt für Fortgeschrittene von 9-16 Jahren in Ludwigsburg,mit Tatiane Marques de Oliviera,L250625,"24,00 Euro","Familie &amp; Kinder, für Kinder ab 10 Jahren, Kunstzentrum Karlskaserne, Workshops_Karlskaserne, Zirkuswerkstätten",Kunstzentrum Karlskaserne,https://kunstschule-labyrinth.ludwigsburg.de/site/Ludwigsburg-Labyrinth-2019/node/16172667/zmdetail_523250625733/index.html?nodeID=523250625733,kunstschule-labyrinth.ludwigsburg.de,detail_0004.txt
Di 26. Mai 2026,Fr 29. Mai 2026,13.30-16.30 Uhr,Ferienworkshop: Wer ich mal sein will für Kinder ab 6 Jahren in Ludwigsburg,mit Alina Anderson,L250554,"68,50 Euro","alle Ferienworkshops, Familie &amp; Kinder, für Kinder ab 6 Jahren, Kunstzentrum Karlskaserne, Pfingstferienworkshops, Workshops_Karlskaserne",Kunstzentrum Karlskaserne,https://kunstschule-labyrinth.ludwigsburg.de/site/Ludwigsburg-Labyrinth-2019/node/16172667/zmdetail_523250640565/index.html?nodeID=523250640565,kunstschule-labyrinth.ludwigsburg.de,detail_0005.txt
Di 26. Mai 2026,Fr 29. Mai 2026,13.30-16.30 Uhr,Ferienworkshop: Tanztheaterwerkstatt für Kinder von 10-14 Jahren in Ludwigsburg,mit Anna Rother,L250552,"68,50 Euro","alle Ferienworkshops, Familie &amp; Kinder, für Kinder ab 10 Jahren, Kunstzentrum Karlskaserne, Pfingstferienworkshops, Workshops_Karlskaserne",Kunstzentrum Karlskaserne,https://kunstschule-labyrinth.ludwigsburg.de/site/Ludwigsburg-Labyrinth-2019/node/16172667/zmdetail_523250640564/index.html?nodeID=523250640564,kunstschule-labyrinth.ludwigsburg.de,detail_0006.txt
Di 26. Mai 2026,Fr 29. Mai 2026,13.30-16.30 Uhr,Ferienworkshop: Pop-Up-Buch für Jugendliche ab 12 Jahren in Ludwigsburg,mit Thora Gertsner,L250556,"68,50 Euro","alle Ferienworkshops, Familie &amp; Kinder, für Kinder ab 12 Jahren, Kunstzentrum Karlskaserne, Pfingstferienworkshops, Workshops_Karlskaserne",Kunstzentrum Karlskaserne,https://kunstschule-labyrinth.ludwigsburg.de/site/Ludwigsburg-Labyrinth-2019/node/16172667/zmdetail_523250640566/index.html?nodeID=523250640566,kunstschule-labyrinth.ludwigsburg.de,detail_0007.txt
Di 26. Mai 2026,Fr 29. Mai 2026,13.30-16.30 Uhr,Ferienworkshop: Abenteuer Manege! für Kinder von 9-12 Jahren in Ludwigsburg,mit Till Schneidenbach,L250560,"68,50 Euro","alle Ferienworkshops, Familie &amp; Kinder, für Kinder ab 8 Jahren, Kunstzentrum Karlskaserne, Pfingstferienworkshops, Workshops_Karlskaserne",Kunstzentrum Karlskaserne,https://kunstschule-labyrinth.ludwigsburg.de/site/Ludwigsburg-Labyrinth-2019/node/16172667/zmdetail_523250640568/index.html?nodeID=523250640568,kunstschule-labyrinth.ludwigsburg.de,detail_0008.txt
Di 26. Mai 2026,Fr 29. Mai 2026,13.30-16.30 Uhr,Ferienworkshop: Lebendige Buchstaben in Ludwigsburg,Zeichnen und Typografie für Kinder von 7-10 Jahren mit Anna Grishina,L250558,"68,50 Euro","Familie &amp; Kinder, für Kinder ab 6 Jahren, Kunstzentrum Karlskaserne, Pfingstferienworkshops, Workshops_Karlskaserne",Kunstzentrum Karlskaserne,https://kunstschule-labyrinth.ludwigsburg.de/site/Ludwigsburg-Labyrinth-2019/node/16172667/zmdetail_523251117673/index.html?nodeID=523251117673,kunstschule-labyrinth.ludwigsburg.de,detail_0009.txt
Di 26. Mai 2026,Fr 29. Mai 2026,13.30-16.30 Uhr,Ferienworkshop: Contemporary Dance für Kinder und Jugendliche von 10-14 Jahren in Ludwigsburg,mit Melissa Lucatello,L250550,"68,50 Euro","alle Ferienworkshops, Familie &amp; Kinder, für Kinder ab 10 Jahren, Kunstzentrum Karlskaserne, Pfingstferienworkshops, Workshops_Karlskaserne",Kunstzentrum Karlskaserne,https://kunstschule-labyrinth.ludwigsburg.de/site/Ludwigsburg-Labyrinth-2019/node/16172667/zmdetail_523250640563/index.html?nodeID=523250640563,kunstschule-labyrinth.ludwigsburg.de,detail_0010.txt
Di 26. Mai 2026,Fr 29. Mai 2026,13.30-16.30 Uhr,Ferienworkshop: Hip-Hop Streetdance für Kinder ab 10 Jahren in Ludwigsburg,mit Maria Cultrera,L250548,"68,50 Euro","alle Ferienworkshops, Familie &amp; Kinder, für Kinder ab 10 Jahren, Kunstzentrum Karlskaserne, Pfingstferienworkshops, Workshops_Karlskaserne",Kunstzentrum Karlskaserne,https://kunstschule-labyrinth.ludwigsburg.de/site/Ludwigsburg-Labyrinth-2019/node/16172667/zmdetail_523250640562/index.html?nodeID=523250640562,kunstschule-labyrinth.ludwigsburg.de,detail_0011.txt
Di 26. Mai 2026,Fr 29. Mai 2026,13.30-16.30 Uhr,Ferienworkshop: Kritzelalphabet und Kleckertypographie für Kinder ab 10 Jahren in Bietigheim-Bissingen,mit Viktoria Radchenko,B250532,"68,50 Euro","alle Ferienworkshops, Familie &amp; Kinder, für Kinder ab 10 Jahren, Pfingstferienworkshops","Kunstschule Labyrinth, Bietigheim-Bissingen",https://kunstschule-labyrinth.ludwigsburg.de/site/Ludwigsburg-Labyrinth-2019/node/16172667/zmdetail_523250640554/index.html?nodeID=523250640554,kunstschule-labyrinth.ludwigsburg.de,detail_0012.txt
Di 26. Mai 2026,Fr 29. Mai 2026,9.30-12.30,Ferienworkshop: Fantastische Zirkuswelt! für Kinder von 6-8 Jahren in Ludwigsburg,mit Till Schneidenbach,L250546,"68,50 Euro","alle Ferienworkshops, Familie &amp; Kinder, für Kinder ab 6 Jahren, Kunstzentrum Karlskaserne, Pfingstferienworkshops, Workshops_Karlskaserne",Kunstzentrum Karlskaserne,https://kunstschule-labyrinth.ludwigsburg.de/site/Ludwigsburg-Labyrinth-2019/node/16172667/zmdetail_523250640561/index.html?nodeID=523250640561,kunstschule-labyrinth.ludwigsburg.de,detail_0013.txt
Di 26. Mai 2026,Fr 29. Mai 2026,9.30-12.30 Uhr,Ferienworkshop: Tanztheaterwerkstatt für Kinder von 8-10 Jahren in Ludwigsburg,mit Anna Rother,L250540,"68,50 Euro","alle Ferienworkshops, Familie &amp; Kinder, für Kinder ab 8 Jahren, Kunstzentrum Karlskaserne, Pfingstferienworkshops, Workshops_Karlskaserne",Kunstzentrum Karlskaserne,https://kunstschule-labyrinth.ludwigsburg.de/site/Ludwigsburg-Labyrinth-2019/node/16172667/zmdetail_523250640558/index.html?nodeID=523250640558,kunstschule-labyrinth.ludwigsburg.de,detail_0014.txt
Di 26. Mai 2026,Fr 29. Mai 2026,9.30-12.30 Uhr,Ferienworkshop: Hip-Hop Streetdance Kids für Kinder von 7-9 Jahren in Ludwigsburg,mit Maria Cultrera,L250542,"68,50 Euro","alle Ferienworkshops, Familie &amp; Kinder, für Kinder ab 6 Jahren, Kunstzentrum Karlskaserne, Pfingstferienworkshops, Workshops_Karlskaserne",Kunstzentrum Karlskaserne,https://kunstschule-labyrinth.ludwigsburg.de/site/Ludwigsburg-Labyrinth-2019/node/16172667/zmdetail_523250640559/index.html?nodeID=523250640559,kunstschule-labyrinth.ludwigsburg.de,detail_0015.txt
Di 26. Mai 2026,Fr 29. Mai 2026,9.30-12.30 Uhr,Ferienworkshop: Malen mit Naturmaterialien für Kinder ab 9 Jahren in Ludwigsburg,mit Alina Anderson,L250534,"68,50 Euro","alle Ferienworkshops, Familie &amp; Kinder, für Kinder ab 8 Jahren, Kunstzentrum Karlskaserne, Pfingstferienworkshops, Workshops_Karlskaserne",Kunstzentrum Karlskaserne,https://kunstschule-labyrinth.ludwigsburg.de/site/Ludwigsburg-Labyrinth-2019/node/16172667/zmdetail_523250640555/index.html?nodeID=523250640555,kunstschule-labyrinth.ludwigsburg.de,detail_0016.txt
Di 26. Mai 2026,Fr 29. Mai 2026,9.30-12.30 Uhr,Ferienworkshop: Peppa Wutz - Deine Welt im Schuhkarton für Kinder ab 4 Jahren in Ludwigsburg,mit Thora Gerstner,L250536,"68,50 Euro","alle Ferienworkshops, Familie &amp; Kinder, für Kinder ab 4 Jahren, Kunstzentrum Karlskaserne, Pfingstferienworkshops, Workshops_Karlskaserne",Kunstzentrum Karlskaserne,https://kunstschule-labyrinth.ludwigsburg.de/site/Ludwigsburg-Labyrinth-2019/node/16172667/zmdetail_523250640556/index.html?nodeID=523250640556,kunstschule-labyrinth.ludwigsburg.de,detail_0017.txt
Di 26. Mai 2026,Fr 29. Mai 2026,9.30-12.30 Uhr,Ferienworkshop: Contemporary Kids für Kinder von 6-9 Jahren in Ludwigsburg,mit Melissa Lucatello,L250544,"68,50 Euro","alle Ferienworkshops, Familie &amp; Kinder, für Kinder ab 6 Jahren, Kunstzentrum Karlskaserne, Pfingstferienworkshops, Workshops_Karlskaserne",Kunstzentrum Karlskaserne,https://kunstschule-labyrinth.ludwigsburg.de/site/Ludwigsburg-Labyrinth-2019/node/16172667/zmdetail_523250640560/index.html?nodeID=523250640560,kunstschule-labyrinth.ludwigsburg.de,detail_0018.txt
Di 26. Mai 2026,Fr 29. Mai 2026,9.30-12.30 Uhr,Ferienworkshop: Fantastische Zirkuswelt! für Kinder von 6-8 Jahren in Ludwigsburg,mit Till Schneidenbach,L250546,"68,50 Euro","alle Ferienworkshops, Familie &amp; Kinder, für Kinder ab 6 Jahren, Kunstzentrum Karlskaserne, Pfingstferienworkshops, Workshops_Karlskaserne, Zirkuswerkstätten",Kunstzentrum Karlskaserne,https://kunstschule-labyrinth.ludwigsburg.de/site/Ludwigsburg-Labyrinth-2019/node/16172667/zmdetail_523250625736/index.html?nodeID=523250625736,kunstschule-labyrinth.ludwigsburg.de,detail_0019.txt
Di 26. Mai 2026,Fr 29. Mai 2026,9.30-12.30 Uhr,Ferienworkshop: Magisches Licht und Traumhafter Schatten für Kinder ab 6 Jahren in Bietigheim-Bissingen,mit Viktoria Radchenko,B250530,"68,50 Euro","alle Ferienworkshops, Familie &amp; Kinder, für Kinder ab 6 Jahren, Pfingstferienworkshops","Kunstschule Labyrinth, Bietigheim-Bissingen",https://kunstschule-labyrinth.ludwigsburg.de/site/Ludwigsburg-Labyrinth-2019/node/16172667/zmdetail_523250640553/index.html?nodeID=523250640553,kunstschule-labyrinth.ludwigsburg.de,detail_0020.txt
Di 26. Mai 2026,Fr 29. Mai 2026,9.30-12.30 Uhr,Ferienworkshop: Wollene Wundertiere für Kinder ab 8 Jahren in Ludwigsburg,mit Anna Grishina,L250538,"68,50 Euro","alle Ferienworkshops, Familie &amp; Kinder, für Kinder ab 8 Jahren, Kunstzentrum Karlskaserne, Pfingstferienworkshops, Workshops_Karlskaserne",Kunstzentrum Karlskaserne,https://kunstschule-labyrinth.ludwigsburg.de/site/Ludwigsburg-Labyrinth-2019/node/16172667/zmdetail_523250640557/index.html?nodeID=523250640557,kunstschule-labyrinth.ludwigsburg.de,detail_0021.txt
Di 9. Juni 2026,Di 9. Juni 2026,16.00-18.00 Uhr,Workshop: Luftakrobatik-Werkstatt für Anfänger und Leicht-Fortgeschrittene von 9-16 Jahren in Ludwigsburg,mit Tatiane Marques de Oliviera,L250609,"24,00 Euro","Familie &amp; Kinder, für Kinder ab 10 Jahren, Workshops_Karlskaserne, Zirkuswerkstätten",Kunstzentrum Karlskaserne,https://kunstschule-labyrinth.ludwigsburg.de/site/Ludwigsburg-Labyrinth-2019/node/16172667/zmdetail_523250625714/index.html?nodeID=523250625714,kunstschule-labyrinth.ludwigsburg.de,detail_0022.txt
Di 9. Juni 2026,Di 9. Juni 2026,18.00-20.00 Uhr,Workshop: Luftakrobatik-Werkstatt für Fortgeschrittene von 9-16 Jahren in Ludwigsburg,mit Tatiane Marques de Oliviera,L250610,"24,00 Euro","Familie &amp; Kinder, für Kinder ab 10 Jahren, Kunstzentrum Karlskaserne, Workshops_Karlskaserne, Zirkuswerkstätten",Kunstzentrum Karlskaserne,https://kunstschule-labyrinth.ludwigsburg.de/site/Ludwigsburg-Labyrinth-2019/node/16172667/zmdetail_523250625732/index.html?nodeID=523250625732,kunstschule-labyrinth.ludwigsburg.de,detail_0023.txt
Do 30. Juli 2026,Sa 1. August 2026,09.30-12.30 Uhr,Sommerferienworkshop: T-Rex-Alarm in Ludwigsburg,Plastisches Gestalten von 6-10 Jahren mit Patrizia Kränzlein,L250731,"57,00 Euro inkl. Material/Brennkosten (45,60 Euro für Labyrinth-Jahreskursteilnehmer im Schuljahr 2025/2026)","alle Ferienworkshops, Familie &amp; Kinder, für Kinder ab 6 Jahren, Kinder und Jugendliche, Kunstzentrum Karlskaserne, Sommerferienworkshops, Workshops_Karlskaserne",Kunstzentrum Karlskaserne,https://kunstschule-labyrinth.ludwigsburg.de/site/Ludwigsburg-Labyrinth-2019/node/16172667/zmdetail_523254138858/index.html?nodeID=523254138858,kunstschule-labyrinth.ludwigsburg.de,detail_0024.txt
Do 30. Juli 2026,Sa 1. August 2026,09.30-12.30 Uhr,"Sommerferienworkshop: Wackeldackel, Löwenhocker, Kistenlaster in Bietigheim",Kinderkunstwerkstatt für Kinder ab 7 Jahren mit Mark Knüttgen,B250731,"57,00 Euro inkl. Material/Brennkosten (45,60 Euro für Labyrinth-Jahreskursteilnehmer im Schuljahr 2025/2026)","alle Ferienworkshops, Familie &amp; Kinder, für Kinder ab 6 Jahren, Kinder und Jugendliche, Kunstzentrum Karlskaserne, Sommerferienworkshops, Workshops_Karlskaserne","Kunstschule Labyrinth, Bietigheim-Bissingen",https://kunstschule-labyrinth.ludwigsburg.de/site/Ludwigsburg-Labyrinth-2019/node/16172667/zmdetail_523254157303/index.html?nodeID=523254157303,kunstschule-labyrinth.ludwigsburg.de,detail_0025.txt
Do 30. Juli 2026,Sa 1. August 2026,09.30-12.30 Uhr,Sommerferienworkshop: Farbige Ytong-Skulptur in Ludwigsburg,Bildhauerwerkstatt für Kinder von 6-10 Jahren mit Valentino Berndt,L250736,"57,00 Euro inkl. Material/Brennkosten (45,60 Euro für Labyrinth-Jahreskursteilnehmer im Schuljahr 2025/2026)","alle Ferienworkshops, Familie &amp; Kinder, für Kinder ab 6 Jahren, Kinder und Jugendliche, Kunstzentrum Karlskaserne, Sommerferienworkshops, Workshops_Karlskaserne",Kunstzentrum Karlskaserne,https://kunstschule-labyrinth.ludwigsburg.de/site/Ludwigsburg-Labyrinth-2019/node/16172667/zmdetail_523254146251/index.html?nodeID=523254146251,kunstschule-labyrinth.ludwigsburg.de,detail_0026.txt
Do 30. Juli 2026,So 2. August 2026,09.30-12.30 Uhr,Sommerferienworkshop: Ein gemauerter Turm aus Ton in Ludwigsburg,Tonwerkstatt für Kinder ab 6 Jahre mit Vitali Safronov,L250735,"68,50 Euro inkl. Material/Brennkosten (54,80 Euro für Labyrinth-Jahreskursteilnehmer im Schuljahr 2025/2026)","alle Ferienworkshops, Familie &amp; Kinder, für Kinder ab 6 Jahren, Kinder und Jugendliche, Kunstzentrum Karlskaserne, Sommerferienworkshops, Workshops_Karlskaserne",Kunstzentrum Karlskaserne,https://kunstschule-labyrinth.ludwigsburg.de/site/Ludwigsburg-Labyrinth-2019/node/16172667/zmdetail_523254167007/index.html?nodeID=523254167007,kunstschule-labyrinth.ludwigsburg.de,detail_0027.txt
Do 30. Juli 2026,Sa 1. August 2026,09.30-12.30 Uhr,Sommerferienworkshop: Ballett kreativ in Bietigheim,Tanzwerkstatt für Kinder von 6-8 Jahren mit Alla Tutar,B250732,"57,00 Euro (45,60 Euro für Labyrinth-Jahreskursteilnehmer im Schuljahr 2025/2026)","alle Ferienworkshops, Familie &amp; Kinder, für Kinder ab 6 Jahren, Kinder und Jugendliche, Kunstzentrum Karlskaserne, Sommerferienworkshops, Workshops_Karlskaserne","Kunstschule Labyrinth, Bietigheim-Bissingen",https://kunstschule-labyrinth.ludwigsburg.de/site/Ludwigsburg-Labyrinth-2019/node/16172667/zmdetail_523253566001/index.html?nodeID=523253566001,kunstschule-labyrinth.ludwigsburg.de,detail_0028.txt
Do 30. Juli 2026,Sa 1. August 2026,09.30-12.30 Uhr,Sommerferienworkshop: Schule der magischen Tiere in Ludwigsburg,Malen und Zeichnen ab 8 Jahre mit Thora Gerstner,L250732,"57,00 Euro inkl. Material/Brennkosten (45,60 Euro für Labyrinth-Jahreskursteilnehmer im Schuljahr 2025/2026)","alle Ferienworkshops, Familie &amp; Kinder, für Kinder ab 8 Jahren, Kinder und Jugendliche, Kunstzentrum Karlskaserne, Sommerferienworkshops, Workshops_Karlskaserne",Kunstzentrum Karlskaserne,https://kunstschule-labyrinth.ludwigsburg.de/site/Ludwigsburg-Labyrinth-2019/node/16172667/zmdetail_523254138859/index.html?nodeID=523254138859,kunstschule-labyrinth.ludwigsburg.de,detail_0029.txt
Do 30. Juli 2026,Sa 1. August 2026,09.30-12.30 Uhr,Sommerferienworkshop: Die Wunderwelt der Stempel und Schablonen in Ludwigsburg,"Zeichnen, Malen, Gestalten für Kinder von 8-10 Jahren Jahren mit Javiera Advis",L250734,"57,00 Euro inkl. Material/Brennkosten (45,60 Euro für Labyrinth-Jahreskursteilnehmer im Schuljahr 2025/2026)","alle Ferienworkshops, Familie &amp; Kinder, für Kinder ab 8 Jahren, Kinder und Jugendliche, Kunstzentrum Karlskaserne, Sommerferienworkshops, Workshops_Karlskaserne",Kunstzentrum Karlskaserne,https://kunstschule-labyrinth.ludwigsburg.de/site/Ludwigsburg-Labyrinth-2019/node/16172667/zmdetail_523254138860/index.html?nodeID=523254138860,kunstschule-labyrinth.ludwigsburg.de,detail_0030.txt
Do 30. Juli 2026,Sa 1. August 2026,13.30-16.30 Uhr,Sommerferienworkshop: Pferde und magische Einhörner in Ludwigsburg,Plastisches Gestalten ab 6 Jahre mit Patrizia Kränzlein,L250738,"57,00 Euro inkl. Material/Brennkosten (45,60 Euro für Labyrinth-Jahreskursteilnehmer im Schuljahr 2025/2026)","alle Ferienworkshops, Familie &amp; Kinder, für Kinder ab 6 Jahren, Kinder und Jugendliche, Kunstzentrum Karlskaserne, Sommerferienworkshops, Workshops_Karlskaserne",Kunstzentrum Karlskaserne,https://kunstschule-labyrinth.ludwigsburg.de/site/Ludwigsburg-Labyrinth-2019/node/16172667/zmdetail_523254146252/index.html?nodeID=523254146252,kunstschule-labyrinth.ludwigsburg.de,detail_0031.txt
Do 30. Juli 2026,Sa 1. August 2026,13.30-16.30 Uhr,Sommerferienworkshop: Binding journals in Ludwigsburg,Buchgestaltung ab 10 Jahren mit Thora Gerstner,L250740,"57,00 Euro inkl. Material/Brennkosten (45,60 Euro für Labyrinth-Jahreskursteilnehmer im Schuljahr 2025/2026)","alle Ferienworkshops, Familie &amp; Kinder, für Kinder ab 10 Jahren, Kinder und Jugendliche, Kunstzentrum Karlskaserne, Sommerferienworkshops, Workshops_Karlskaserne",Kunstzentrum Karlskaserne,https://kunstschule-labyrinth.ludwigsburg.de/site/Ludwigsburg-Labyrinth-2019/node/16172667/zmdetail_523254184606/index.html?nodeID=523254184606,kunstschule-labyrinth.ludwigsburg.de,detail_0032.txt
Do 30. Juli 2026,Sa 1. August 2026,13.30-16.30 Uhr,Sommerferienworkshop: Geschichten schreiben und illustrieren in Ludwigsburg,Schreiben und Illustrieren für Kinder von 8-10 Jahren mit Javiera Advis,L250741,"57,00 Euro inkl. Material/Brennkosten (45,60 Euro für Labyrinth-Jahreskursteilnehmer im Schuljahr 2025/2026)","alle Ferienworkshops, Familie &amp; Kinder, für Kinder ab 8 Jahren, Kinder und Jugendliche, Kunstzentrum Karlskaserne, Sommerferienworkshops, Workshops_Karlskaserne",Kunstzentrum Karlskaserne,https://kunstschule-labyrinth.ludwigsburg.de/site/Ludwigsburg-Labyrinth-2019/node/16172667/zmdetail_523254184604/index.html?nodeID=523254184604,kunstschule-labyrinth.ludwigsburg.de,detail_0033.txt
Do 30. Juli 2026,Sa 1. August 2026,13.30-16.30 Uhr,Sommerferienworkshop: Zootiere aus Ton in Bietigheim,Keramikwerkstatt für Kinder ab 5 Jahre mit Mark Knüttgen,B250733,"57,00 Euro inkl. Material/Brennkosten (45,60 Euro für Labyrinth-Jahreskursteilnehmer im Schuljahr 2025/2026)","alle Ferienworkshops, Familie &amp; Kinder, für Kinder ab 6 Jahren, Kinder und Jugendliche, Kunstzentrum Karlskaserne, Sommerferienworkshops, Workshops_Karlskaserne","Kunstschule Labyrinth, Bietigheim-Bissingen",https://kunstschule-labyrinth.ludwigsburg.de/site/Ludwigsburg-Labyrinth-2019/node/16172667/zmdetail_523254139366/index.html?nodeID=523254139366,kunstschule-labyrinth.ludwigsburg.de,detail_0034.txt
Mi 1. Juli 2026,Mi 1. Juli 2026,15.00-17.00,Workshop: Tonwerkstatt ab 4 Jahren,"Spiel mit Ton – Ton fühlen, matschen, formen",–,–,für Kinder ab 4 Jahren,Kinder- und Familienzentrum Neckarweihingen,https://kunstschule-labyrinth.ludwigsburg.de/site/Ludwigsburg-Labyrinth-2019/node/16172667/zmdetail_523254408865/index.html?nodeID=523254408865,kunstschule-labyrinth.ludwigsburg.de,detail_0035.txt
Mi 13. Mai 2026,Do 14. Mai 2026,13.05.2026 ab 17 Uhr | 14.05.2026 ab 11 Uhr,Feuerwehrfest in Oßweil,–,–,–,"Feste & Märkte, für Kinder und Erwachsene, Musik &amp; Konzerte",Feuerwehr Oßweil,https://kunstschule-labyrinth.ludwigsburg.de/site/Ludwigsburg-Labyrinth-2019/node/16172667/zmdetail_523254589059/index.html?nodeID=523254589059,kunstschule-labyrinth.ludwigsburg.de,detail_0036.txt
Mi 2. September 2026,Fr 4. September 2026,09.30-12.30 Uhr,Sommerferienworkshop: Talking Stones in Ludwigsburg,Bildhauerwerkstatt für Kinder ab 7 Jahren mit Tapiwa Chapo (In deutscher und englischer Sprache),L250937,"88,50 Euro inkl. Material/Steine (70,80 Euro inkl. Material / Steine für Labyrinth-Jahreskursteilnehmer im Schuljahr 2025/2026)","alle Ferienworkshops, Familie &amp; Kinder, für Kinder ab 8 Jahren, Kinder und Jugendliche, Kunstzentrum Karlskaserne, Sommerferienworkshops, Workshops_Karlskaserne",Kunstzentrum Karlskaserne,https://kunstschule-labyrinth.ludwigsburg.de/site/Ludwigsburg-Labyrinth-2019/node/16172667/zmdetail_523254149654/index.html?nodeID=523254149654,kunstschule-labyrinth.ludwigsburg.de,detail_0037.txt
Mi 2. September 2026,Fr 4. September 2026,13.30-16.30 Uhr,Sommerferienworkshop: Talking Stones in Ludwigsburg,Bildhauerwerkstatt für Kinder ab 7 Jahren mit Tapiwa Chapo (In deutscher und englischer Sprache),L250938,"88,50 Euro inkl. Material/Steine (70,80 Euro inkl. Material / Steine für Labyrinth-Jahreskursteilnehmer im Schuljahr 2025/2026)","alle Ferienworkshops, Familie &amp; Kinder, für Kinder ab 8 Jahren, Kinder und Jugendliche, Kunstzentrum Karlskaserne, Sommerferienworkshops, Workshops_Karlskaserne",Kunstzentrum Karlskaserne,https://kunstschule-labyrinth.ludwigsburg.de/site/Ludwigsburg-Labyrinth-2019/node/16172667/zmdetail_523254149653/index.html?nodeID=523254149653,kunstschule-labyrinth.ludwigsburg.de,detail_0038.txt
Mi 24. Juni 2026,Mi 24. Juni 2026,15.00-17.00,Workshop: Tonwerkstatt ab 6 Jahren,Formen und Gestalten mit Ton,–,–,für Kinder ab 6 Jahren,Kinder- und Familienzentrum Neckarweihingen,https://kunstschule-labyrinth.ludwigsburg.de/site/Ludwigsburg-Labyrinth-2019/node/16172667/zmdetail_523254408863/index.html?nodeID=523254408863,kunstschule-labyrinth.ludwigsburg.de,detail_0039.txt
Mi 3. Juni 2026,Mi 3. Juni 2026,15.00-17.30 Uhr,Workshop: Tonwerkstatt ab 6 Jahren,Formen und Gestalten mit Ton,–,–,für Kinder ab 6 Jahren,Kinder- und Familienzentrum Neckarweihingen,https://kunstschule-labyrinth.ludwigsburg.de/site/Ludwigsburg-Labyrinth-2019/node/16172667/zmdetail_523254408862/index.html?nodeID=523254408862,kunstschule-labyrinth.ludwigsburg.de,detail_0040.txt
Mi 6. Mai 2026,Mi 6. Mai 2026,15.00 – 17.00 Uhr,Workshop: Tonwerkstatt ab 8 Jahren,Raum für Ton – Eine offene Werkstatt für alle,–,–,für Kinder ab 8 Jahren,Kinder- und Familienzentrum Neckarweihingen,https://kunstschule-labyrinth.ludwigsburg.de/site/Ludwigsburg-Labyrinth-2019/node/16172667/zmdetail_523254165865/index.html?nodeID=523254165865,kunstschule-labyrinth.ludwigsburg.de,detail_0041.txt
Mi 6. Mai 2026,Mi 6. Mai 2026,18.20-20.20 Uhr,Workshop: Quality-Time für Mütter und Töchter ab 13 Jahren in Bietigheim-Bissingen,mit Franziska Kaupp,B250505,"37,00 Euro (einmalig für 2 Termine)","Familie &amp; Kinder, für Kinder ab 12 Jahren, für Kinder und Erwachsene, Workshops_Karlskaserne",Kunstzentrum Karlskaserne,https://kunstschule-labyrinth.ludwigsburg.de/site/Ludwigsburg-Labyrinth-2019/node/16172667/zmdetail_523250652607/index.html?nodeID=523250652607,kunstschule-labyrinth.ludwigsburg.de,detail_0042.txt
Mo 3. August 2026,Fr 7. August 2026,09.30-12.30 Uhr,Sommerferienworkshop: Tiergeschichten stempeln in Bietigheim,Zeichnen und Gestalten von 6-8 Jahren mit Hannah Liya,B250803,"80,00 Euro inkl. Material/Brennkosten (64,00 Euro für Labyrinth-Jahreskursteilnehmer im Schuljahr 2025/2026)","Familie &amp; Kinder, Faschingsferienworkshops, für Kinder ab 6 Jahren, Kinder und Jugendliche, Kunstzentrum Karlskaserne, Sommerferienworkshops, Workshops_Karlskaserne","Kunstschule Labyrinth, Bietigheim-Bissingen",https://kunstschule-labyrinth.ludwigsburg.de/site/Ludwigsburg-Labyrinth-2019/node/16172667/zmdetail_523254139367/index.html?nodeID=523254139367,kunstschule-labyrinth.ludwigsburg.de,detail_0043.txt
Mo 3. August 2026,Fr 7. August 2026,09.30-12.30 Uhr,Sommerferienworkshop: Theaterwerkstatt in Ludwigsburg,Theaterwerkstatt für Kinder von 6-10 Jahren mit Bernhard Linke,L250809,"80,00 Euro (64,00 Euro für Labyrinth-Jahreskursteilnehmer im Schuljahr 2025/2026)","alle Ferienworkshops, Familie &amp; Kinder, für Kinder ab 6 Jahren, Kinder und Jugendliche, Kunstzentrum Karlskaserne, Sommerferienworkshops, Workshops_Karlskaserne",Kunstzentrum Karlskaserne,https://kunstschule-labyrinth.ludwigsburg.de/site/Ludwigsburg-Labyrinth-2019/node/16172667/zmdetail_523254167011/index.html?nodeID=523254167011,kunstschule-labyrinth.ludwigsburg.de,detail_0044.txt
Mo 3. August 2026,Fr 7. August 2026,09.30-12.30 Uhr,Sommerferienworkshop: Kinderrechte kreativ entdecken in Ludwigsburg,Malen und Gestalten von 8-12 Jahren mit Susanne Paret,L250805,"80,00 Euro inkl. Material/Brennkosten (64,00 Euro für Labyrinth-Jahreskursteilnehmer im Schuljahr 2025/2026)","alle Ferienworkshops, Familie &amp; Kinder, für Kinder ab 8 Jahren, Kinder und Jugendliche, Kunstzentrum Karlskaserne, Sommerferienworkshops, Workshops_Karlskaserne",Kunstzentrum Karlskaserne,https://kunstschule-labyrinth.ludwigsburg.de/site/Ludwigsburg-Labyrinth-2019/node/16172667/zmdetail_523254167014/index.html?nodeID=523254167014,kunstschule-labyrinth.ludwigsburg.de,detail_0045.txt
Mo 3. August 2026,Fr 7. August 2026,09.30-12.30 Uhr,Sommerferienworkshop: Fantastische Zirkuswelt! in Ludwigsburg,Zirkuswerkstatt für Kinder von 6-8 Jahren mit Till Schneidenbach,L250808,"80,00 Euro (64,00 Euro für Labyrinth-Jahreskursteilnehmer im Schuljahr 2025/2026)","alle Ferienworkshops, Familie &amp; Kinder, für Kinder ab 6 Jahren, Kinder und Jugendliche, Kunstzentrum Karlskaserne, Sommerferienworkshops, Workshops_Karlskaserne",Kunstzentrum Karlskaserne,https://kunstschule-labyrinth.ludwigsburg.de/site/Ludwigsburg-Labyrinth-2019/node/16172667/zmdetail_523254167012/index.html?nodeID=523254167012,kunstschule-labyrinth.ludwigsburg.de,detail_0046.txt
Mo 3. August 2026,Fr 7. August 2026,09.30-12.30 Uhr,Sommerferienworkshop: Contemporary Dance Camp in Ludwigsburg,Tanzwerkstatt für Kinder und Jugendliche von 9-11 Jahren mit Amaya Brandt,L250807,"80,00 Euro (64,00 Euro für Labyrinth-Jahreskursteilnehmer im Schuljahr 2025/2026)","alle Ferienworkshops, Familie &amp; Kinder, für Kinder ab 10 Jahren, Kinder und Jugendliche, Kunstzentrum Karlskaserne, Sommerferienworkshops, Workshops_Karlskaserne",Kunstzentrum Karlskaserne,https://kunstschule-labyrinth.ludwigsburg.de/site/Ludwigsburg-Labyrinth-2019/node/16172667/zmdetail_523254167013/index.html?nodeID=523254167013,kunstschule-labyrinth.ludwigsburg.de,detail_0047.txt
Mo 3. August 2026,Fr 7. August 2026,09.30-12.30 Uhr,Sommerferienworkshop: Die Schule der magischen Tiere in Ludwigsburg,"Malen, Zeichnen, plastisches Gestalten für Kinder ab 6 Jahren mit Patrizia Kränzlein",L250801,"80,00 Euro inkl. Material/Brennkosten (64,00 Euro für Labyrinth-Jahreskursteilnehmer im Schuljahr 2025/2026)","alle Ferienworkshops, Familie &amp; Kinder, für Kinder ab 6 Jahren, Kinder und Jugendliche, Kunstzentrum Karlskaserne, Sommerferienworkshops, Workshops_Karlskaserne",Kunstzentrum Karlskaserne,https://kunstschule-labyrinth.ludwigsburg.de/site/Ludwigsburg-Labyrinth-2019/node/16172667/zmdetail_523254184607/index.html?nodeID=523254184607,kunstschule-labyrinth.ludwigsburg.de,detail_0048.txt
Mo 3. August 2026,Fr 7. August 2026,09.30-16.00 Uhr,Sommerferienworkshop: Stage Time in Ludwigsburg,"Intensiv-Workshop für Gesang, Tanz und Schauspiel für Jugendliche von 10-16 Jahren mit Nupelda Ciftci, Lisa Eichacker und Susanne Vogelmann. Eine Kooperation der Kunstschule Labyrinth und der Jugendmusikschule Ludwigsburg",L250810,"227,00 Euro (Keine Ermäßigung möglich)","alle Ferienworkshops, Familie &amp; Kinder, für Kinder ab 10 Jahren, Kinder und Jugendliche, Kunstzentrum Karlskaserne, Sommerferienworkshops, Workshops_Karlskaserne",Kunstzentrum Karlskaserne,https://kunstschule-labyrinth.ludwigsburg.de/site/Ludwigsburg-Labyrinth-2019/node/16172667/zmdetail_523254489250/index.html?nodeID=523254489250,kunstschule-labyrinth.ludwigsburg.de,detail_0049.txt
Mo 3. August 2026,Fr 7. August 2026,09.30-12.30 Uhr,Sommerferienworkshop: Fang den Räuber Hotzenplotz in Ludwigsburg,Plastisches Gestalten ab 4 Jahren mit Mark Knüttgen,L250804,"80,00 Euro inkl. Material/Brennkosten (64,00 Euro für Labyrinth-Jahreskursteilnehmer im Schuljahr 2025/2026)","alle Ferienworkshops, Familie &amp; Kinder, für Kinder ab 4 Jahren, Kinder und Jugendliche, Kunstzentrum Karlskaserne, Sommerferienworkshops, Workshops_Karlskaserne",Kunstzentrum Karlskaserne,https://kunstschule-labyrinth.ludwigsburg.de/site/Ludwigsburg-Labyrinth-2019/node/16172667/zmdetail_523254167015/index.html?nodeID=523254167015,kunstschule-labyrinth.ludwigsburg.de,detail_0050.txt
Mo 3. August 2026,Fr 7. August 2026,09.30-12.30 Uhr,Sommerferienworkshop: Hip Hop Streetdance Kids in Bietigheim,Tanzwerkstatt für Kinder von 8-9 Jahren mit Maria Cultrera,B250806,"80,00 Euro (64,00 Euro für Labyrinth-Jahreskursteilnehmer im Schuljahr 2025/2026)","alle Ferienworkshops, Familie &amp; Kinder, für Kinder ab 8 Jahren, Kinder und Jugendliche, Kunstzentrum Karlskaserne, Sommerferienworkshops, Workshops_Karlskaserne","Kunstschule Labyrinth, Bietigheim-Bissingen",https://kunstschule-labyrinth.ludwigsburg.de/site/Ludwigsburg-Labyrinth-2019/node/16172667/zmdetail_523254139368/index.html?nodeID=523254139368,kunstschule-labyrinth.ludwigsburg.de,detail_0051.txt
Mo 3. August 2026,Fr 7. August 2026,09.30-12.30 Uhr,Sommerferienworkshop: Ein Schattentheater – Spiel mit Licht und Schatten in Ludwigsburg,Künstlerisches Gestalten für Kinder ab 8 Jahren mit Javiera Advis,L250802,"80,00 Euro inkl. Material/Brennkosten (64,00 Euro für Labyrinth-Jahreskursteilnehmer im Schuljahr 2025/2026)","alle Ferienworkshops, Familie &amp; Kinder, für Kinder ab 8 Jahren, Kinder und Jugendliche, Kunstzentrum Karlskaserne, Sommerferienworkshops, Workshops_Karlskaserne",Kunstzentrum Karlskaserne,https://kunstschule-labyrinth.ludwigsburg.de/site/Ludwigsburg-Labyrinth-2019/node/16172667/zmdetail_523254167016/index.html?nodeID=523254167016,kunstschule-labyrinth.ludwigsburg.de,detail_0052.txt
Mo 3. August 2026,Fr 7. August 2026,13.30-16.30 Uhr,Sommerferienworkshop: Abenteuer Manege! in Ludwigsburg,Zirkuswerkstatt für Kinder von 9-12 Jahren mit Till Schneidenbach,L250817,"80,00 Euro (64,00 Euro für Labyrinth-Jahreskursteilnehmer im Schuljahr 2025/2026)","alle Ferienworkshops, Familie &amp; Kinder, für Kinder ab 10 Jahren, Kinder und Jugendliche, Kunstzentrum Karlskaserne, Sommerferienworkshops, Workshops_Karlskaserne",Kunstzentrum Karlskaserne,https://kunstschule-labyrinth.ludwigsburg.de/site/Ludwigsburg-Labyrinth-2019/node/16172667/zmdetail_523254167004/index.html?nodeID=523254167004,kunstschule-labyrinth.ludwigsburg.de,detail_0053.txt
Mo 3. August 2026,Fr 7. August 2026,13.30-16.30 Uhr,Sommerferienworkshop: Theaterwerkstatt in Ludwigsburg,Theaterwerkstatt für Jugendliche von 11 – 14 Jahren mit Bernhard Linke,L250819,"80,00 Euro (64,00 Euro für Labyrinth-Jahreskursteilnehmer im Schuljahr 2025/2026)","alle Ferienworkshops, Familie &amp; Kinder, für Kinder ab 12 Jahren, Kinder und Jugendliche, Kunstzentrum Karlskaserne, Sommerferienworkshops, Workshops_Karlskaserne",Kunstzentrum Karlskaserne,https://kunstschule-labyrinth.ludwigsburg.de/site/Ludwigsburg-Labyrinth-2019/node/16172667/zmdetail_523254167002/index.html?nodeID=523254167002,kunstschule-labyrinth.ludwigsburg.de,detail_0054.txt
Mo 3. August 2026,Fr 7. August 2026,13.30-16.30 Uhr,Sommerferienworkshop: Kunst im Wald in Bietigheim,Workshop Gestalten ab 8 Jahren mit Hannah Liya und der Waldpädagogin Lisa Irrgang,B250807,"80,00 Euro inkl. Material/Brennkosten (64,00 Euro für Labyrinth-Jahreskursteilnehmer im Schuljahr 2025/2026)","alle Ferienworkshops, Familie &amp; Kinder, für Kinder ab 8 Jahren, Kinder und Jugendliche, Kunstzentrum Karlskaserne, Sommerferienworkshops, Workshops_Karlskaserne","Kunstschule Labyrinth, Bietigheim-Bissingen",https://kunstschule-labyrinth.ludwigsburg.de/site/Ludwigsburg-Labyrinth-2019/node/16172667/zmdetail_523254139369/index.html?nodeID=523254139369,kunstschule-labyrinth.ludwigsburg.de,detail_0055.txt
Mo 3. August 2026,Fr 7. August 2026,13.30-16.30 Uhr,Sommerferienworkshop: Hip Hop Streetdance in Bietigheim,Tanzwerkstatt ab 10 Jahre mit Maria Cultrera,B250808,"80,00 Euro (64,00 Euro für Labyrinth-Jahreskursteilnehmer im Schuljahr 2025/2026)","alle Ferienworkshops, Familie &amp; Kinder, für Kinder ab 10 Jahren, Kinder und Jugendliche, Kunstzentrum Karlskaserne, Sommerferienworkshops, Workshops_Karlskaserne","Kunstschule Labyrinth, Bietigheim-Bissingen",https://kunstschule-labyrinth.ludwigsburg.de/site/Ludwigsburg-Labyrinth-2019/node/16172667/zmdetail_523254139370/index.html?nodeID=523254139370,kunstschule-labyrinth.ludwigsburg.de,detail_0056.txt
Mo 3. August 2026,Fr 7. August 2026,13.30-16.30 Uhr,Sommerferienworkshop: Contemporary Dance Camp in Ludwigsburg,Tanzwerkstatt für Kinder und Jugendliche von 12-16 Jahren mit Amaya Brandt,L250818,"80,00 Euro (64,00 Euro für Labyrinth-Jahreskursteilnehmer im Schuljahr 2025/2026)","alle Ferienworkshops, Familie &amp; Kinder, für Kinder ab 12 Jahren, Kinder und Jugendliche, Kunstzentrum Karlskaserne, Sommerferienworkshops, Workshops_Karlskaserne",Kunstzentrum Karlskaserne,https://kunstschule-labyrinth.ludwigsburg.de/site/Ludwigsburg-Labyrinth-2019/node/16172667/zmdetail_523254167003/index.html?nodeID=523254167003,kunstschule-labyrinth.ludwigsburg.de,detail_0057.txt
Mo 3. August 2026,Do 6. August 2026,13.30-16.30 Uhr,"Sommerferienworkshop: Tiere, die es gar nicht gibt! aus Ton in Ludwigsburg",Keramikworkshop ab 7 Jahren mit Thomas Weber,L250815,"68,50 Euro inkl. Material/Brennkosten (54,80 Euro für Labyrinth-Jahreskursteilnehmer im Schuljahr 2025/2026)","alle Ferienworkshops, Familie &amp; Kinder, für Kinder ab 8 Jahren, Kinder und Jugendliche, Kunstzentrum Karlskaserne, Sommerferienworkshops, Workshops_Karlskaserne",Kunstzentrum Karlskaserne,https://kunstschule-labyrinth.ludwigsburg.de/site/Ludwigsburg-Labyrinth-2019/node/16172667/zmdetail_523254167006/index.html?nodeID=523254167006,kunstschule-labyrinth.ludwigsburg.de,detail_0058.txt
Mo 3. August 2026,Fr 7. August 2026,13.30-16.30 Uhr,Sommerferienworkshop: Mondlandung - streng geheim! in Ludwigsburg,Plastisches Gestalten für Kinder ab 7 Jahren mit Mark Knüttgen,L250816,"80,00 Euro inkl. Material/Brennkosten (64,00 Euro für Labyrinth-Jahreskursteilnehmer im Schuljahr 2025/2026)","alle Ferienworkshops, Familie &amp; Kinder, für Kinder ab 8 Jahren, Kinder und Jugendliche, Kunstzentrum Karlskaserne, Sommerferienworkshops, Workshops_Karlskaserne",Kunstzentrum Karlskaserne,https://kunstschule-labyrinth.ludwigsburg.de/site/Ludwigsburg-Labyrinth-2019/node/16172667/zmdetail_523254167005/index.html?nodeID=523254167005,kunstschule-labyrinth.ludwigsburg.de,detail_0059.txt
Mo 3. August 2026,Fr 7. August 2026,13.30-16.30 Uhr,Sommerferienworkshop: Die Zauberwelt von Harry Potter in Ludwigsburg,Malen und Gestalten ab 8 Jahren mit Patrizia Kränzlein,L250812,"80,00 Euro inkl. Material/Brennkosten (64,00 Euro für Labyrinth-Jahreskursteilnehmer im Schuljahr 2025/2026)","alle Ferienworkshops, Familie &amp; Kinder, für Kinder ab 8 Jahren, Kinder und Jugendliche, Kunstzentrum Karlskaserne, Sommerferienworkshops, Workshops_Karlskaserne",Kunstzentrum Karlskaserne,https://kunstschule-labyrinth.ludwigsburg.de/site/Ludwigsburg-Labyrinth-2019/node/16172667/zmdetail_523254167009/index.html?nodeID=523254167009,kunstschule-labyrinth.ludwigsburg.de,detail_0060.txt
Mo 3. August 2026,Fr 7. August 2026,13.30-16.30 Uhr,Sommerferienworkshop: Malerischer Stop-Motion-Film in Ludwigsburg,Filmwerkstatt für Kinder von 8-12 Jahren mit Javiera Advis,L250813,"80,00 Euro inkl. Material/Brennkosten (64,00 Euro für Labyrinth-Jahreskursteilnehmer im Schuljahr 2025/2026)","alle Ferienworkshops, Familie &amp; Kinder, für Kinder ab 8 Jahren, Kinder und Jugendliche, Kunstzentrum Karlskaserne, Sommerferienworkshops, Workshops_Karlskaserne",Kunstzentrum Karlskaserne,https://kunstschule-labyrinth.ludwigsburg.de/site/Ludwigsburg-Labyrinth-2019/node/16172667/zmdetail_523254167008/index.html?nodeID=523254167008,kunstschule-labyrinth.ludwigsburg.de,detail_0061.txt
Mo 31. August 2026,Fr 4. September 2026,09.30-12.30 Uhr,Sommerferienworkshop: Prompt against the silence in Ludwigsburg,Musik mit KI und wilde Bilder von 6-12 Jahren mit Valentino Berndt,L250824,"80,00 Euro inkl. Material/Brennkosten (64,00 Euro für Labyrinth-Jahreskursteilnehmer im Schuljahr 2025/2026)","alle Ferienworkshops, Familie &amp; Kinder, für Kinder ab 6 Jahren, Kinder und Jugendliche, Kunstzentrum Karlskaserne, Sommerferienworkshops, Workshops_Karlskaserne",Kunstzentrum Karlskaserne,https://kunstschule-labyrinth.ludwigsburg.de/site/Ludwigsburg-Labyrinth-2019/node/16172667/zmdetail_523254149663/index.html?nodeID=523254149663,kunstschule-labyrinth.ludwigsburg.de,detail_0062.txt
Mo 31. August 2026,Fr 4. September 2026,09.30-12.30 Uhr,"Sommerferienworkshop: Flughafen Schlosshof, bitte melden! in Bietigheim",Malen und plastisches Gestalten ab 7 Jahren mit Mark Knüttgen,B250810,"80,00 Euro inkl. Material/Brennkosten (64,00 Euro für Labyrinth-Jahreskursteilnehmer im Schuljahr 2025/2026)","alle Ferienworkshops, Familie &amp; Kinder, für Kinder ab 8 Jahren, Kinder und Jugendliche, Kunstzentrum Karlskaserne, Sommerferienworkshops, Workshops_Karlskaserne","Kunstschule Labyrinth, Bietigheim-Bissingen",https://kunstschule-labyrinth.ludwigsburg.de/site/Ludwigsburg-Labyrinth-2019/node/16172667/zmdetail_523254139371/index.html?nodeID=523254139371,kunstschule-labyrinth.ludwigsburg.de,detail_0063.txt
Mo 31. August 2026,Fr 4. September 2026,09.30-12.30 Uhr,Sommerferienworkshop: Fantastische Zirkuswelt! in Ludwigsburg,Zirkuswerkstatt für Kinder von 6-8 Jahren mit Till Schneidenbach,L250826,"80,00 Euro (64,00 Euro für Labyrinth-Jahreskursteilnehmer im Schuljahr 2025/2026)","alle Ferienworkshops, Familie &amp; Kinder, für Kinder ab 6 Jahren, Kinder und Jugendliche, Kunstzentrum Karlskaserne, Sommerferienworkshops, Workshops_Karlskaserne",Kunstzentrum Karlskaserne,https://kunstschule-labyrinth.ludwigsburg.de/site/Ludwigsburg-Labyrinth-2019/node/16172667/zmdetail_523254149660/index.html?nodeID=523254149660,kunstschule-labyrinth.ludwigsburg.de,detail_0064.txt
Mo 31. August 2026,Fr 4. September 2026,09.30-12.30 Uhr,Sommerferienworkshop: Trickfilm in Stop-Motion-Technik in Ludwigsburg,Filmwerkstatt von 9 - 14 Jahren mit Tine Kluth,L250823,"80,00 Euro inkl. Material/Brennkosten (64,00 Euro für Labyrinth-Jahreskursteilnehmer im Schuljahr 2025/2026)","alle Ferienworkshops, Familie &amp; Kinder, für Kinder ab 10 Jahren, Kinder und Jugendliche, Kunstzentrum Karlskaserne, Sommerferienworkshops, Workshops_Karlskaserne",Kunstzentrum Karlskaserne,https://kunstschule-labyrinth.ludwigsburg.de/site/Ludwigsburg-Labyrinth-2019/node/16172667/zmdetail_523254149664/index.html?nodeID=523254149664,kunstschule-labyrinth.ludwigsburg.de,detail_0065.txt
Mo 31. August 2026,Fr 4. September 2026,09.30-12.30 Uhr,Sommerferienworkshop: Hip Hop in Ludwigsburg,Tanzwerkstatt für Kinder und Jugendliche ab 12 Jahren mit Sponky,L250825,"80,00 Euro (64,00 Euro für Labyrinth-Jahreskursteilnehmer im Schuljahr 2025/2026)","alle Ferienworkshops, Familie &amp; Kinder, für Kinder ab 12 Jahren, Kinder und Jugendliche, Kunstzentrum Karlskaserne, Sommerferienworkshops, Workshops_Karlskaserne",Kunstzentrum Karlskaserne,https://kunstschule-labyrinth.ludwigsburg.de/site/Ludwigsburg-Labyrinth-2019/node/16172667/zmdetail_523254149661/index.html?nodeID=523254149661,kunstschule-labyrinth.ludwigsburg.de,detail_0066.txt
Mo 31. August 2026,Fr 4. September 2026,09.30-12.30 Uhr,Sommerferienworkshop: Bühne frei! in Bietigheim,Theaterwerkstatt für Kinder von 6-9 Jahren mit Timeea Tantau,B250811,"80,00 Euro (64,00 Euro für Labyrinth-Jahreskursteilnehmer im Schuljahr 2025/2026)","alle Ferienworkshops, Familie &amp; Kinder, für Kinder ab 6 Jahren, Kinder und Jugendliche, Kunstzentrum Karlskaserne, Sommerferienworkshops, Workshops_Karlskaserne","Kunstschule Labyrinth, Bietigheim-Bissingen",https://kunstschule-labyrinth.ludwigsburg.de/site/Ludwigsburg-Labyrinth-2019/node/16172667/zmdetail_523254139372/index.html?nodeID=523254139372,kunstschule-labyrinth.ludwigsburg.de,detail_0067.txt
Mo 31. August 2026,Fr 4. September 2026,09.30-15.30 Uhr,Sommerferienworkshop: Commercial Dance in Ludwigsburg,Commercial Dance für Jugendliche ab 12 Jahren mit Franziska Fritzsch,L250827,"160,00 Euro (128,00 Euro für Labyrinth-Jahreskursteilnehmer im Schuljahr 2025/2026)","alle Ferienworkshops, Familie &amp; Kinder, für Kinder ab 12 Jahren, Kinder und Jugendliche, Kunstzentrum Karlskaserne, Sommerferienworkshops, Workshops_Karlskaserne",Kunstzentrum Karlskaserne,https://kunstschule-labyrinth.ludwigsburg.de/site/Ludwigsburg-Labyrinth-2019/node/16172667/zmdetail_523254149659/index.html?nodeID=523254149659,kunstschule-labyrinth.ludwigsburg.de,detail_0068.txt
Mo 31. August 2026,Fr 4. September 2026,13.30-16.30 Uhr,Sommerferienworkshop: Theaterwerkstatt in Bietigheim,Theaterwerkstatt für Kinder von 10-14 Jahren mit Timeea Tantau,B250813,"80,00 Euro (64,00 Euro für Labyrinth-Jahreskursteilnehmer im Schuljahr 2025/2026)","alle Ferienworkshops, Familie &amp; Kinder, für Kinder ab 10 Jahren, Kinder und Jugendliche, Kunstzentrum Karlskaserne, Sommerferienworkshops, Workshops_Karlskaserne","Kunstschule Labyrinth, Bietigheim-Bissingen",https://kunstschule-labyrinth.ludwigsburg.de/site/Ludwigsburg-Labyrinth-2019/node/16172667/zmdetail_523254139374/index.html?nodeID=523254139374,kunstschule-labyrinth.ludwigsburg.de,detail_0069.txt
Mo 31. August 2026,Fr 4. September 2026,13.30-16.30 Uhr,Sommerferienworkshop: Kunterbunter Meeresgarten in Bietigheim,Malen und plastisches Gestalten für Kinder ab 4 Jahren mit Mark Knüttgen,B250812,"80,00 Euro inkl. Material/Brennkosten (64,00 Euro für Labyrinth-Jahreskursteilnehmer im Schuljahr 2025/2026)","alle Ferienworkshops, Familie &amp; Kinder, für Kinder ab 4 Jahren, Kinder und Jugendliche, Kunstzentrum Karlskaserne, Sommerferienworkshops, Workshops_Karlskaserne","Kunstschule Labyrinth, Bietigheim-Bissingen",https://kunstschule-labyrinth.ludwigsburg.de/site/Ludwigsburg-Labyrinth-2019/node/16172667/zmdetail_523254139373/index.html?nodeID=523254139373,kunstschule-labyrinth.ludwigsburg.de,detail_0070.txt
Mo 31. August 2026,Fr 4. September 2026,13.30-16.30 Uhr,Sommerferienworkshop: Hip Hop in Ludwigsburg,Tanzwerkstatt für Jugendliche ab 14 Jahren mit Sponky,L250830,"80,00 Euro (64,00 Euro für Labyrinth-Jahreskursteilnehmer im Schuljahr 2025/2026)","alle Ferienworkshops, Familie &amp; Kinder, für Kinder ab 12 Jahren, Kinder und Jugendliche, Kunstzentrum Karlskaserne, Sommerferienworkshops, Workshops_Karlskaserne",Kunstzentrum Karlskaserne,https://kunstschule-labyrinth.ludwigsburg.de/site/Ludwigsburg-Labyrinth-2019/node/16172667/zmdetail_523254149657/index.html?nodeID=523254149657,kunstschule-labyrinth.ludwigsburg.de,detail_0071.txt
Mo 31. August 2026,Fr 4. September 2026,13.30-16.30 Uhr,Sommerferienworkshop: Abenteuer Manege!,Zirkuswerkstatt für Kinder von 9-12 Jahren mit Till Schneidenbach,L250831,"80,00 Euro (64,00 Euro für Labyrinth-Jahreskursteilnehmer im Schuljahr 2025/2026)","alle Ferienworkshops, Familie &amp; Kinder, für Kinder ab 10 Jahren, Kinder und Jugendliche, Kunstzentrum Karlskaserne, Sommerferienworkshops, Workshops_Karlskaserne",Kunstzentrum Karlskaserne,https://kunstschule-labyrinth.ludwigsburg.de/site/Ludwigsburg-Labyrinth-2019/node/16172667/zmdetail_523254149656/index.html?nodeID=523254149656,kunstschule-labyrinth.ludwigsburg.de,detail_0072.txt
Mo 31. August 2026,Fr 4. September 2026,13.30-16.30 Uhr,Sommerferienworkshop: In Holz hauen und Schnitzen in Ludwigsburg,Holzwerkstatt von 8-10 Jahren mit Claus Staudt,L250829,"80,00 Euro inkl. Material/Brennkosten (64,00 Euro für Labyrinth-Jahreskursteilnehmer im Schuljahr 2025/2026)","alle Ferienworkshops, Familie &amp; Kinder, für Kinder ab 8 Jahren, Kinder und Jugendliche, Kunstzentrum Karlskaserne, Sommerferienworkshops, Workshops_Karlskaserne",Kunstzentrum Karlskaserne,https://kunstschule-labyrinth.ludwigsburg.de/site/Ludwigsburg-Labyrinth-2019/node/16172667/zmdetail_523254149658/index.html?nodeID=523254149658,kunstschule-labyrinth.ludwigsburg.de,detail_0073.txt
Mo 31. August 2026,Fr 4. September 2026,13.30-16.30 Uhr,Sommerferienworkshop: Bühne frei! in Ludwigsburg,Theaterkurs für Kinder von 6-9 Jahren mit Sandra Willmann,L250832,"80,00 Euro (64,00 Euro für Labyrinth-Jahreskursteilnehmer im Schuljahr 2025/2026)","alle Ferienworkshops, Familie &amp; Kinder, für Kinder ab 6 Jahren, Kinder und Jugendliche, Kunstzentrum Karlskaserne, Sommerferienworkshops, Workshops_Karlskaserne",Kunstzentrum Karlskaserne,https://kunstschule-labyrinth.ludwigsburg.de/site/Ludwigsburg-Labyrinth-2019/node/16172667/zmdetail_523254149655/index.html?nodeID=523254149655,kunstschule-labyrinth.ludwigsburg.de,detail_0074.txt
Mo 7. September 2026,Fr 11. September 2026,09.30-15.30 Uhr,Sommerferienworkshop: Film ab! Vom Storyboard zum Video – ein Ganztagsangebot in Ludwigsburg,Film drehen und Soundentwicklung ab 12 Jahren mit Christine Koschel,L250940,"160,00 Euro inkl. Material/Brennkosten (128,00 Euro für Labyrinth-Jahreskursteilnehmer im Schuljahr 2025/2026)","alle Ferienworkshops, Familie &amp; Kinder, für Kinder ab 12 Jahren, Kinder und Jugendliche, Kunstzentrum Karlskaserne, Sommerferienworkshops, Workshops_Karlskaserne",Kunstzentrum Karlskaserne,https://kunstschule-labyrinth.ludwigsburg.de/site/Ludwigsburg-Labyrinth-2019/node/16172667/zmdetail_523254149651/index.html?nodeID=523254149651,kunstschule-labyrinth.ludwigsburg.de,detail_0075.txt
Mo 7. September 2026,Fr 11. September 2026,09.30-12.30 Uhr,Sommerferienworkshop: Einfach magisch - Zaubersprüche und Zaubertränke aller Art in Bietigheim,"Buchgestaltung, Zeichnen und Gestalten von 7-10 Jahren, Künstlerin: Sabine Dubb",B250910,"80,00 Euro inkl. Material/Brennkosten (64,00 Euro für Labyrinth-Jahreskursteilnehmer im Schuljahr 2025/2026)","alle Ferienworkshops, Familie &amp; Kinder, für Kinder ab 8 Jahren, Kinder und Jugendliche, Kunstzentrum Karlskaserne, Sommerferienworkshops, Workshops_Karlskaserne","Kunstschule Labyrinth, Bietigheim-Bissingen",https://kunstschule-labyrinth.ludwigsburg.de/site/Ludwigsburg-Labyrinth-2019/node/16172667/zmdetail_523254139375/index.html?nodeID=523254139375,kunstschule-labyrinth.ludwigsburg.de,detail_0076.txt
Mo 7. September 2026,Fr 11. September 2026,09.30-12.30 Uhr,Sommerferienworkshop: Fantastische Zirkuswelt! in Bietigheim,Zirkuswerkstatt für Kinder von 6-8 Jahren mit Till Schneidenbach,B250912,"80,00 Euro (64,00 Euro für Labyrinth-Jahreskursteilnehmer im Schuljahr 2025/2026)","alle Ferienworkshops, Familie &amp; Kinder, für Kinder ab 6 Jahren, Kinder und Jugendliche, Kunstzentrum Karlskaserne, Sommerferienworkshops, Workshops_Karlskaserne","Kunstschule Labyrinth, Bietigheim-Bissingen",https://kunstschule-labyrinth.ludwigsburg.de/site/Ludwigsburg-Labyrinth-2019/node/16172667/zmdetail_523254139376/index.html?nodeID=523254139376,kunstschule-labyrinth.ludwigsburg.de,detail_0077.txt
Mo 7. September 2026,Fr 11. September 2026,09.30-12.30 Uhr,Sommerferienworkshop: Hip Hop Streetdance Kids in Ludwigsburg,Tanzwerkstatt für Kinder von 8-9 Jahren mit Maria Cultrera,L250944,"80,00 Euro (64,00 Euro für Labyrinth-Jahreskursteilnehmer im Schuljahr 2025/2026)","alle Ferienworkshops, Familie &amp; Kinder, für Kinder ab 8 Jahren, Kinder und Jugendliche, Kunstzentrum Karlskaserne, Sommerferienworkshops, Workshops_Karlskaserne",Kunstzentrum Karlskaserne,https://kunstschule-labyrinth.ludwigsburg.de/site/Ludwigsburg-Labyrinth-2019/node/16172667/zmdetail_523254139380/index.html?nodeID=523254139380,kunstschule-labyrinth.ludwigsburg.de,detail_0078.txt
Mo 7. September 2026,Fr 11. September 2026,09.30-12.30 Uhr,Sommerferienworkshop: Ein verwunschener Feuerdrache in Ludwigsburg,Plastisches Gestalten für Kinder ab 6 Jahren mit Mark Knüttgen,L250943,"80,00 Euro inkl. Material/Brennkosten (64,00 Euro für Labyrinth-Jahreskursteilnehmer im Schuljahr 2025/2026)","alle Ferienworkshops, Familie &amp; Kinder, für Kinder ab 6 Jahren, Kinder und Jugendliche, Kunstzentrum Karlskaserne, Sommerferienworkshops, Workshops_Karlskaserne",Kunstzentrum Karlskaserne,https://kunstschule-labyrinth.ludwigsburg.de/site/Ludwigsburg-Labyrinth-2019/node/16172667/zmdetail_523254139381/index.html?nodeID=523254139381,kunstschule-labyrinth.ludwigsburg.de,detail_0079.txt
Mo 7. September 2026,Fr 11. September 2026,09.30-12.30 Uhr,Sommerferienworkshop: Tanztheaterwerkstatt in Ludwigsburg,Tanztheaterwerkstatt für Kinder von 10-14 Jahren mit Anna Rother,L250945,"80,00 Euro (64,00 Euro für Labyrinth-Jahreskursteilnehmer im Schuljahr 2025/2026)","alle Ferienworkshops, Familie &amp; Kinder, für Kinder ab 10 Jahren, Kinder und Jugendliche, Kunstzentrum Karlskaserne, Sommerferienworkshops, Workshops_Karlskaserne",Kunstzentrum Karlskaserne,https://kunstschule-labyrinth.ludwigsburg.de/site/Ludwigsburg-Labyrinth-2019/node/16172667/zmdetail_523254139379/index.html?nodeID=523254139379,kunstschule-labyrinth.ludwigsburg.de,detail_0080.txt
Mo 7. September 2026,Fr 11. September 2026,13.30-16.30 Uhr,Sommerferienworkshop: Theater in der Box in Ludwigsburg,Malen und Gestalten für Kinder von 8-12 Jahren mit Susanne Paret,L250950,"80,00 Euro inkl. Material/Brennkosten (64,00 Euro für Labyrinth-Jahreskursteilnehmer im Schuljahr 2025/2026)","alle Ferienworkshops, Familie &amp; Kinder, für Kinder ab 8 Jahren, Kinder und Jugendliche, Kunstzentrum Karlskaserne, Sommerferienworkshops, Workshops_Karlskaserne",Kunstzentrum Karlskaserne,https://kunstschule-labyrinth.ludwigsburg.de/site/Ludwigsburg-Labyrinth-2019/node/16172667/zmdetail_523254138854/index.html?nodeID=523254138854,kunstschule-labyrinth.ludwigsburg.de,detail_0081.txt
Mo 7. September 2026,Fr 11. September 2026,13.30-16.30 Uhr,Sommerferienworkshop: Bayala - Dein magisches Elfenabenteuer,Malen und Gestalten ab 6 Jahren mit Thora Gerstner,L250947,"80,00 Euro inkl. Material/Brennkosten (64,00 Euro für Labyrinth-Jahreskursteilnehmer im Schuljahr 2025/2026)","alle Ferienworkshops, Familie &amp; Kinder, für Kinder ab 6 Jahren, Kinder und Jugendliche, Kunstzentrum Karlskaserne, Sommerferienworkshops, Workshops_Karlskaserne",Kunstzentrum Karlskaserne,https://kunstschule-labyrinth.ludwigsburg.de/site/Ludwigsburg-Labyrinth-2019/node/16172667/zmdetail_523254138857/index.html?nodeID=523254138857,kunstschule-labyrinth.ludwigsburg.de,detail_0082.txt
Mo 7. September 2026,Fr 11. September 2026,13.30-16.30 Uhr,Sommerferienworkshop: Ein elefantastischer Giraffenstuhl,Handwerk und plastisches Gestalten für Kinder ab 8 Jahren mit Mark Knüttgen,L250948,"80,00 Euro inkl. Material/Brennkosten (64,00 Euro für Labyrinth-Jahreskursteilnehmer im Schuljahr 2025/2026)","alle Ferienworkshops, Familie &amp; Kinder, für Kinder ab 8 Jahren, Kinder und Jugendliche, Kunstzentrum Karlskaserne, Sommerferienworkshops, Workshops_Karlskaserne",Kunstzentrum Karlskaserne,https://kunstschule-labyrinth.ludwigsburg.de/site/Ludwigsburg-Labyrinth-2019/node/16172667/zmdetail_523254138856/index.html?nodeID=523254138856,kunstschule-labyrinth.ludwigsburg.de,detail_0083.txt
Mo 7. September 2026,Fr 11. September 2026,13.30-16.30 Uhr,Sommerferienworkshop: An die Farben - fertig - los! in Bietigheim,Geschichten in Leporelloform von 6-8 Jahren mit Sabine Dubb,B250913,"80,00 Euro inkl. Material/Brennkosten (64,00 Euro für Labyrinth-Jahreskursteilnehmer im Schuljahr 2025/2026)","alle Ferienworkshops, Familie &amp; Kinder, für Kinder ab 6 Jahren, Kinder und Jugendliche, Kunstzentrum Karlskaserne, Sommerferienworkshops, Workshops_Karlskaserne","Kunstschule Labyrinth, Bietigheim-Bissingen",https://kunstschule-labyrinth.ludwigsburg.de/site/Ludwigsburg-Labyrinth-2019/node/16172667/zmdetail_523254139377/index.html?nodeID=523254139377,kunstschule-labyrinth.ludwigsburg.de,detail_0084.txt
Mo 7. September 2026,Fr 11. September 2026,13.30-16.30 Uhr,Sommerferienworkshop: Abenteuer Manege! in Bietigheim,Zirkuswerkstatt für Kinder von 9-12 Jahren mit Till Schneidenbach,B250915,"80,00 Euro (64,00 Euro für Labyrinth-Jahreskursteilnehmer im Schuljahr 2025/2026)","alle Ferienworkshops, Familie &amp; Kinder, für Kinder ab 10 Jahren, Kinder und Jugendliche, Kunstzentrum Karlskaserne, Sommerferienworkshops, Workshops_Karlskaserne","Kunstschule Labyrinth, Bietigheim-Bissingen",https://kunstschule-labyrinth.ludwigsburg.de/site/Ludwigsburg-Labyrinth-2019/node/16172667/zmdetail_523254139378/index.html?nodeID=523254139378,kunstschule-labyrinth.ludwigsburg.de,detail_0085.txt
Mo 7. September 2026,Fr 11. September 2026,13.30-16.30 Uhr,Sommerferienworkshop: Theaterwerkstatt in Ludwigsburg,Theaterwerkstatt für Kinder von 8-12 Jahren mit Anna Rother,L250952,"80,00 Euro (64,00 Euro für Labyrinth-Jahreskursteilnehmer im Schuljahr 2025/2026)","alle Ferienworkshops, Familie &amp; Kinder, für Kinder ab 8 Jahren, Kinder und Jugendliche, Kunstzentrum Karlskaserne, Sommerferienworkshops, Workshops_Karlskaserne",Kunstzentrum Karlskaserne,https://kunstschule-labyrinth.ludwigsburg.de/site/Ludwigsburg-Labyrinth-2019/node/16172667/zmdetail_523254138852/index.html?nodeID=523254138852,kunstschule-labyrinth.ludwigsburg.de,detail_0086.txt
Mo 7. September 2026,Fr 11. September 2026,13.30-16.30 Uhr,Sommerferienworkshop: Hip-Hop Streetdance in Ludwigsburg,Tanzwerkstatt für Kinder ab 10 Jahre mit Maria Cultrera,L250951,"80,00 Euro (64,00 Euro für Labyrinth-Jahreskursteilnehmer im Schuljahr 2025/2026)","alle Ferienworkshops, Familie &amp; Kinder, für Kinder ab 10 Jahren, Kinder und Jugendliche, Kunstzentrum Karlskaserne, Sommerferienworkshops, Workshops_Karlskaserne",Kunstzentrum Karlskaserne,https://kunstschule-labyrinth.ludwigsburg.de/site/Ludwigsburg-Labyrinth-2019/node/16172667/zmdetail_523254138853/index.html?nodeID=523254138853,kunstschule-labyrinth.ludwigsburg.de,detail_0087.txt
Mo 7. September 2026,Fr 11. September 2026,9.30-12.30 Uhr,"Sommerferienworkshop: Cyanotypie, Schadografie - mein Fotobuch in Ludwigsburg",Fotoworkshop für Kinder ab 8 Jahren mit Thora Gerstner,L250941,"80,00 Euro inkl. Material/Brennkosten (64,00 Euro für Labyrinth-Jahreskursteilnehmer im Schuljahr 2025/2026)","alle Ferienworkshops, Familie &amp; Kinder, für Kinder ab 8 Jahren, Kinder und Jugendliche, Kunstzentrum Karlskaserne, Sommerferienworkshops, Workshops_Karlskaserne",Kunstzentrum Karlskaserne,https://kunstschule-labyrinth.ludwigsburg.de/site/Ludwigsburg-Labyrinth-2019/node/16172667/zmdetail_523254149650/index.html?nodeID=523254149650,kunstschule-labyrinth.ludwigsburg.de,detail_0088.txt
Sa 11. Juli 2026,Sa 11. Juli 2026,14.00-18.00 Uhr,Workshop: Zirkus-Spezial für Kinder von 8-12 Jahren in Ludwigsburg,mit Lino da Silva & Koffi Tchao,L250715,"54,50 Euro","Familie &amp; Kinder, für Kinder ab 8 Jahren, Workshops_Karlskaserne, Zirkuswerkstätten",Kunstzentrum Karlskaserne,https://kunstschule-labyrinth.ludwigsburg.de/site/Ludwigsburg-Labyrinth-2019/node/16172667/zmdetail_523250601676/index.html?nodeID=523250601676,kunstschule-labyrinth.ludwigsburg.de,detail_0089.txt
Sa 11. Juli 2026,So 12. Juli 2026,14.00-17.00 Uhr,Workshop: Till Eulenspiegel als Tonfigur in Ludwigsburg,Keramikworkshop für Kinder ab 7 Jahren mit Thomas Weber,L250711,"45,50 Euro","Familie &amp; Kinder, für Kinder ab 6 Jahren, Kunstzentrum Karlskaserne, Workshops_Karlskaserne",Kunstzentrum Karlskaserne,https://kunstschule-labyrinth.ludwigsburg.de/site/Ludwigsburg-Labyrinth-2019/node/16172667/zmdetail_523250672366/index.html?nodeID=523250672366,kunstschule-labyrinth.ludwigsburg.de,detail_0090.txt
Sa 11. Juli 2026,So 12. Juli 2026,9.30-13.30 Uhr,Workshop: Zirkus-Spezial für Kinder von 5-7 Jahren,mit Lino da Silva & Koffi Tchao,L250714,"54,50 Euro","Familie &amp; Kinder, für Kinder ab 6 Jahren, Workshops_Karlskaserne, Zirkuswerkstätten",Kunstzentrum Karlskaserne,https://kunstschule-labyrinth.ludwigsburg.de/site/Ludwigsburg-Labyrinth-2019/node/16172667/zmdetail_523250601674/index.html?nodeID=523250601674,kunstschule-labyrinth.ludwigsburg.de,detail_0091.txt
Sa 11. Juli 2026,So 12. Juli 2026,9.30-12.30 Uhr,Workshop: Luftakrobatik Spezial für Kinder von 9-16 Jahren in Ludwigsburg,mit Tatiane Marques de Oliviera,L250718,"45,50 Euro","Familie &amp; Kinder, für Kinder ab 10 Jahren, Workshops_Karlskaserne, Zirkuswerkstätten",Kunstzentrum Karlskaserne,https://kunstschule-labyrinth.ludwigsburg.de/site/Ludwigsburg-Labyrinth-2019/node/16172667/zmdetail_523250601681/index.html?nodeID=523250601681,kunstschule-labyrinth.ludwigsburg.de,detail_0092.txt
Sa 13. Juni 2026,Sa 13. Juni 2026,14.00-18.00 Uhr,Workshop: Zirkus und Stelzenlauf für 8-12 Jährige in Ludwigsburg,mit Lino da Silva & Koffi Tchao,L250614,"39,00 Euro","Familie &amp; Kinder, für Kinder ab 8 Jahren, Workshops_Karlskaserne, Zirkuswerkstätten",Kunstzentrum Karlskaserne,https://kunstschule-labyrinth.ludwigsburg.de/site/Ludwigsburg-Labyrinth-2019/node/16172667/zmdetail_523250601673/index.html?nodeID=523250601673,kunstschule-labyrinth.ludwigsburg.de,detail_0093.txt
Sa 13. Juni 2026,So 14. Juni 2026,9.30-12.30 Uhr,Workshop: Die Fußball-WM der Tiere für Kinder ab 7 Jahren in Bietigheim-Bissingen,mit Mark Knüttgen,B250615,"68,50 Euro","Familie &amp; Kinder, für Kinder ab 6 Jahren","Kunstschule Labyrinth, Bietigheim-Bissingen",https://kunstschule-labyrinth.ludwigsburg.de/site/Ludwigsburg-Labyrinth-2019/node/16172667/zmdetail_523250640570/index.html?nodeID=523250640570,kunstschule-labyrinth.ludwigsburg.de,detail_0094.txt
Sa 13. Juni 2026,Sa 13. Juni 2026,9.30-13.30 Uhr,Workshop: Zirkus und Stelzenlauf für 5-7 Jährige in Ludwigsburg,mit Lino da Silva & Koffi Tchao,L250613,"39,00 Euro","Familie &amp; Kinder, für Kinder ab 6 Jahren, Workshops_Karlskaserne, Zirkuswerkstätten",Kunstzentrum Karlskaserne,https://kunstschule-labyrinth.ludwigsburg.de/site/Ludwigsburg-Labyrinth-2019/node/16172667/zmdetail_523250601657/index.html?nodeID=523250601657,kunstschule-labyrinth.ludwigsburg.de,detail_0095.txt
Sa 16. Mai 2026,So 17. Mai 2026,14.00-17.00 Uhr,Workshop: Ein Brontosaurus aus Ton für Kinder ab 7 Jahren in Ludwigsburg,mit Thomas Weber,L250516,"45,50 Euro","Familie &amp; Kinder, für Kinder ab 8 Jahren, Kunstzentrum Karlskaserne, Workshops_Karlskaserne",Kunstzentrum Karlskaserne,https://kunstschule-labyrinth.ludwigsburg.de/site/Ludwigsburg-Labyrinth-2019/node/16172667/zmdetail_523250652610/index.html?nodeID=523250652610,kunstschule-labyrinth.ludwigsburg.de,detail_0096.txt
Sa 16. Mai 2026,So 17. Mai 2026,9.30-15.30 Uhr,Workshop: Talking Stones ab 18 Jahren in Ludwigsburg,mit Tapiwa Chapo,L250518,"76,00 Euro + Materialkosten für Serpentingestein 4,50 Euro/kg (wird vor Ort abgewogen)","Familie &amp; Kinder, für Erwachsene, Kunstzentrum Karlskaserne, Workshops_Karlskaserne",Kunstzentrum Karlskaserne,https://kunstschule-labyrinth.ludwigsburg.de/site/Ludwigsburg-Labyrinth-2019/node/16172667/zmdetail_523251266561/index.html?nodeID=523251266561,kunstschule-labyrinth.ludwigsburg.de,detail_0097.txt
Sa 2. Mai 2026,So 3. Mai 2026,9.30-12.30 Uhr,Workshop: Eine alte Handtasche aus Ton für Kinder ab 6 Jahren in Ludwigsburg,mit Vitali Safronov,L250502,"45,50 Euro","alle Ferienworkshops, Familie &amp; Kinder, für Kinder ab 6 Jahren, Kunstzentrum Karlskaserne, Workshops_Karlskaserne",Kunstzentrum Karlskaserne,https://kunstschule-labyrinth.ludwigsburg.de/site/Ludwigsburg-Labyrinth-2019/node/16172667/zmdetail_523250642517/index.html?nodeID=523250642517,kunstschule-labyrinth.ludwigsburg.de,detail_0098.txt
Sa 20. Juni 2026,So 21. Juni 2026,09.30-15.30 Uhr,Workshop: Sadza Batik aus Zimbabwe in Ludwigsburg,Textilworkshop für Eltern und Kinder von 6-10 Jahren (in deutscher und englischer Sprache) mit Tapiwa Chapo,L250622,"91,00 Euro einmalig für Erwachsenen und Kind. Jedes weitere Kind 12,00 Euro + 20,00 Euro Materialkosten pro Person","Familie &amp; Kinder, für Erwachsene, für Kinder ab 6 Jahren, für Kinder und Erwachsene, Kunstzentrum Karlskaserne, Workshops_Karlskaserne",Kunstzentrum Karlskaserne,https://kunstschule-labyrinth.ludwigsburg.de/site/Ludwigsburg-Labyrinth-2019/node/16172667/zmdetail_523251266562/index.html?nodeID=523251266562,kunstschule-labyrinth.ludwigsburg.de,detail_0099.txt
Sa 20. Juni 2026,So 21. Juni 2026,09.30-12.30 Uhr,Workshop: Ein Hexenhaus aus Ton in Ludwigsburg,Keramikworkshop für Kinder ab 6 Jahren mit Vitali Safronov,L250620,"45,50 Euro","Familie &amp; Kinder, für Kinder ab 6 Jahren, Keramikworkshops, Kunstzentrum Karlskaserne, Workshops_Karlskaserne",Kunstzentrum Karlskaserne,https://kunstschule-labyrinth.ludwigsburg.de/site/Ludwigsburg-Labyrinth-2019/node/16172667/zmdetail_523250672361/index.html?nodeID=523250672361,kunstschule-labyrinth.ludwigsburg.de,detail_0100.txt
Sa 23. Mai 2026,Sa 23. Mai 2026,9.30-15.30 Uhr,Workshop: Flower Power ab 18 Jahren in Ludwigsburg,mit Patrizia Kränzlein,L250523,"49,00 Euro","für Erwachsene, Kunstzentrum Karlskaserne, Workshops_Karlskaserne",Kunstzentrum Karlskaserne,https://kunstschule-labyrinth.ludwigsburg.de/site/Ludwigsburg-Labyrinth-2019/node/16172667/zmdetail_523251266563/index.html?nodeID=523251266563,kunstschule-labyrinth.ludwigsburg.de,detail_0101.txt
Sa 25. April 2026,Sa 25. April 2026,14.00-18.00 Uhr,Workshop: Zirkus und Stelzenlauf für 8-12 Jährige in Ludwigsburg,mit Lino da Silva & Koffi Tchao,L250426,"39,00 Euro","Familie &amp; Kinder, für Kinder ab 8 Jahren, Workshops_Karlskaserne, Zirkuswerkstätten",Kunstzentrum Karlskaserne,https://kunstschule-labyrinth.ludwigsburg.de/site/Ludwigsburg-Labyrinth-2019/node/16172667/zmdetail_523250601671/index.html?nodeID=523250601671,kunstschule-labyrinth.ludwigsburg.de,detail_0102.txt
Sa 25. April 2026,So 26. April 2026,9.30-12.30 Uhr,[AUSGEBUCHT] Workshop: Aquarium im Schuhkarton für Kinder ab 4 Jahren in Bietigheim-Bissingen,mit Mark Knüttgen,B250471,"45,50 Euro","alle Ferienworkshops, Familie &amp; Kinder, für Kinder ab 4 Jahren","Kunstschule Labyrinth, Bietigheim-Bissingen",https://kunstschule-labyrinth.ludwigsburg.de/site/Ludwigsburg-Labyrinth-2019/node/16172667/zmdetail_523250642515/index.html?nodeID=523250642515,kunstschule-labyrinth.ludwigsburg.de,detail_0103.txt
Sa 25. April 2026,Sa 25. April 2026,9.30-13.30 Uhr,Workshop: Zirkus und Stelzenlauf für 5-7 Jährige in Ludwigsburg,mit Lino da Silva & Koffi Tchao,L250425,"39,00 Euro","Familie &amp; Kinder, für Kinder ab 6 Jahren, Workshops_Karlskaserne, Zirkuswerkstätten",Kunstzentrum Karlskaserne,https://kunstschule-labyrinth.ludwigsburg.de/site/Ludwigsburg-Labyrinth-2019/node/16172667/zmdetail_523250601655/index.html?nodeID=523250601655,kunstschule-labyrinth.ludwigsburg.de,detail_0104.txt
Sa 27. Juni 2026,So 28. Juni 2026,09.30-12.30 Uhr,Workshop: Tischkicker in Bietigheim-Bissingen,Plastisches Gestalten für Kinder ab 6 Jahren mit Mark Knüttgen,B250627,"45,50 Euro","Familie &amp; Kinder, für Kinder ab 6 Jahren","Kunstschule Labyrinth, Bietigheim-Bissingen",https://kunstschule-labyrinth.ludwigsburg.de/site/Ludwigsburg-Labyrinth-2019/node/16172667/zmdetail_523250672363/index.html?nodeID=523250672363,kunstschule-labyrinth.ludwigsburg.de,detail_0105.txt
Sa 27. Juni 2026,So 28. Juni 2026,14.00-17.00 Uhr,Workshop: Keramikstudio für Erwachsene und Eltern mit Kindern in Ludwigsburg,mit Thomas Weber,L250630,"68,50 Euro für Erwachsene 1. Kind: 33,00 Euro 2.Kind: 26,50 Euro","Familie &amp; Kinder, für Kinder und Erwachsene, Kunstzentrum Karlskaserne, Workshops_Karlskaserne",Kunstzentrum Karlskaserne,https://kunstschule-labyrinth.ludwigsburg.de/site/Ludwigsburg-Labyrinth-2019/node/16172667/zmdetail_523250672364/index.html?nodeID=523250672364,kunstschule-labyrinth.ludwigsburg.de,detail_0106.txt
Sa 4. Juli 2026,So 5. Juli 2026,09.30-12.30 Uhr,Workshop: Ein Braunbär aus Ton in Ludwigsburg,Keramikworkshop für Kinder ab 6 Jahren mit Vitali Safronov,L250704,"45,50 Euro","Familie &amp; Kinder, für Kinder ab 6 Jahren, Keramikworkshops, Kunstzentrum Karlskaserne, Workshops_Karlskaserne",Kunstzentrum Karlskaserne,https://kunstschule-labyrinth.ludwigsburg.de/site/Ludwigsburg-Labyrinth-2019/node/16172667/zmdetail_523250672365/index.html?nodeID=523250672365,kunstschule-labyrinth.ludwigsburg.de,detail_0107.txt
Sa 5. September 2026,So 6. September 2026,09.30-12.30,Sommerferienworkshop: Urban Sketching in Ludwigsburg,Zeichenworkshop ab 10 Jahren mit Christine Koschel,L250939,"45,50 Euro inkl. Material/Brennkosten (36,40 Euro für Labyrinth-Jahreskursteilnehmer im Schuljahr 2025/2026)","alle Ferienworkshops, Familie &amp; Kinder, für Kinder ab 10 Jahren, Kinder und Jugendliche, Kunstzentrum Karlskaserne, Sommerferienworkshops, Workshops_Karlskaserne",Kunstzentrum Karlskaserne,https://kunstschule-labyrinth.ludwigsburg.de/site/Ludwigsburg-Labyrinth-2019/node/16172667/zmdetail_523254149652/index.html?nodeID=523254149652,kunstschule-labyrinth.ludwigsburg.de,detail_0108.txt
Sa 6. Juni 2026,So 7. Juni 2026,14.00-17.00,Workshop: Ein Esel aus Ton für Kinder ab 7 Jahren in Ludwigsburg,mit Thomas Weber,L250606,"45,50 Euro","Familie &amp; Kinder, für Kinder ab 6 Jahren, Kunstzentrum Karlskaserne, Workshops_Karlskaserne",Kunstzentrum Karlskaserne,https://kunstschule-labyrinth.ludwigsburg.de/site/Ludwigsburg-Labyrinth-2019/node/16172667/zmdetail_523250640569/index.html?nodeID=523250640569,kunstschule-labyrinth.ludwigsburg.de,detail_0109.txt
Sa 9. Mai 2026,Sa 9. Mai 2026,14.00-18.00 Uhr,Workshop: Zirkus und Stelzenlauf für 8-12 Jährige in Ludwigsburg,mit Lino da Silva & Koffi Tchao,L250509,"39,00 Euro","Familie &amp; Kinder, für Kinder ab 8 Jahren, Workshops_Karlskaserne, Zirkuswerkstätten",Kunstzentrum Karlskaserne,https://kunstschule-labyrinth.ludwigsburg.de/site/Ludwigsburg-Labyrinth-2019/node/16172667/zmdetail_523250601672/index.html?nodeID=523250601672,kunstschule-labyrinth.ludwigsburg.de,detail_0110.txt
Sa 9. Mai 2026,Sa 9. Mai 2026,9.30-12.30 Uhr,[AUSGEBUCHT] Workshop: Blumenmalen zum Muttertag für Kinder ab 5 Jahren in Bietigheim-Bissingen,mit Mark Knüttgen,B250511,"37,00 Euro","Familie &amp; Kinder, für Kinder ab 6 Jahren","Kunstschule Labyrinth, Bietigheim-Bissingen",https://kunstschule-labyrinth.ludwigsburg.de/site/Ludwigsburg-Labyrinth-2019/node/16172667/zmdetail_523250652609/index.html?nodeID=523250652609,kunstschule-labyrinth.ludwigsburg.de,detail_0111.txt
Sa 9. Mai 2026,Sa 9. Mai 2026,9.30-13.30 Uhr,Workshop: Zirkus und Stelzenlauf für 5-7 Jährige in Ludwigsburg,mit Lino da Silva & Koffi Tchao,L250508,"39,00 Euro","Familie &amp; Kinder, für Kinder ab 6 Jahren, Workshops_Karlskaserne, Zirkuswerkstätten",Kunstzentrum Karlskaserne,https://kunstschule-labyrinth.ludwigsburg.de/site/Ludwigsburg-Labyrinth-2019/node/16172667/zmdetail_523250601656/index.html?nodeID=523250601656,kunstschule-labyrinth.ludwigsburg.de,detail_0112.txt
So 12. Juli 2026,So 12. Juli 2026,9.30-13.30 Uhr,Workshop: Zirkus-Spezial für Kinder von 8-12 Jahren in Ludwigsburg,mit Lino da Silva & Koffi Tchao,L250715,"54,50 Euro","Familie &amp; Kinder, für Kinder ab 8 Jahren, Workshops_Karlskaserne, Zirkuswerkstätten",Kunstzentrum Karlskaserne,https://kunstschule-labyrinth.ludwigsburg.de/site/Ludwigsburg-Labyrinth-2019/node/16172667/zmdetail_523250601675/index.html?nodeID=523250601675,kunstschule-labyrinth.ludwigsburg.de,detail_0113.txt
So 14. Juni 2026,So 14. Juni 2026,14.00-17.00 Uhr,Workshop: Die Margerite - ein Relief aus Ton in Ludwigsburg,Keramikworkshops für Kinder ab 6 Jahren mit Thomas Weber,L250618,"37,00 Euro","Familie &amp; Kinder, für Kinder ab 6 Jahren, Keramikworkshops, Kunstzentrum Karlskaserne, Workshops_Karlskaserne",Kunstzentrum Karlskaserne,https://kunstschule-labyrinth.ludwigsburg.de/site/Ludwigsburg-Labyrinth-2019/node/16172667/zmdetail_523250672360/index.html?nodeID=523250672360,kunstschule-labyrinth.ludwigsburg.de,detail_0114.txt
So 14. Juni 2026,So 14. Juni 2026,9.30-12.30 Uhr,Workshop: Eine Taube aus Ton für Kinder ab 6 Jahren in Ludwigsburg,mit Vitali Safronov,L250616,"37,00 Euro","Familie &amp; Kinder, für Kinder ab 6 Jahren, Kunstzentrum Karlskaserne, Workshops_Karlskaserne",Kunstzentrum Karlskaserne,https://kunstschule-labyrinth.ludwigsburg.de/site/Ludwigsburg-Labyrinth-2019/node/16172667/zmdetail_523250640571/index.html?nodeID=523250640571,kunstschule-labyrinth.ludwigsburg.de,detail_0115.txt
So 3. Mai 2026,So 3. Mai 2026,14.00-17.00 Uhr,Workshop: Ein Maikäfer aus Ton für Kinder ab 5 Jahren in Ludwigsburg,mit Thomas Weber,L250504,"37,00 Euro","Familie &amp; Kinder, für Kinder ab 6 Jahren, Kunstzentrum Karlskaserne, Workshops_Karlskaserne",Kunstzentrum Karlskaserne,https://kunstschule-labyrinth.ludwigsburg.de/site/Ludwigsburg-Labyrinth-2019/node/16172667/zmdetail_523250652606/index.html?nodeID=523250652606,kunstschule-labyrinth.ludwigsburg.de,detail_0116.txt